,labels
0,"['1012', {'cx': 185, 'cy': 132, 'r': 19}, {'cx': 108, 'cy': 363, 'r': 31}]"
1,"['1016', {'cx': 922, 'cy': 488, 'r': 20}]"
2,"['1017', {'cx': 337, 'cy': 557, 'r': 26}]"
3,"['1018', {'cx': 981, 'cy': 509, 'r': 16}]"
4,"['1039', {'cx': 22, 'cy': 14, 'r': 37}]"
5,"['104', {'cx': 666, 'cy': 522, 'r': 14}]"
6,"['1046', {'cx': 992, 'cy': 496, 'r': 23}]"
7,"['1047', {'cx': 28, 'cy': 124, 'r': 24}]"
8,"['1049', {'cx': 632, 'cy': 367, 'r': 28}]"
9,"['1054', {'cx': 3741, 'cy': 1921, 'r': 94}, {'cx': 3603, 'cy': 1657, 'r': 161}]"
10,"['1060', {'cx': 240, 'cy': 479, 'r': 21}, {'cx': 88, 'cy': 363, 'r': 21}]"
11,"['1068', {'cx': 386, 'cy': 561, 'r': 25}]"
12,"['1069', {'cx': 919, 'cy': 506, 'r': 25}]"
13,"['1072', {'cx': 905, 'cy': 205, 'r': 24}]"
14,"['1077', {'cx': 783, 'cy': 563, 'r': 26}]"
15,"['1079', {'cx': 35, 'cy': 222, 'r': 24}]"
16,"['1102', {'cx': 821, 'cy': 489, 'r': 16}]"
17,"['112', {'cx': 14, 'cy': 86, 'r': 27}]"
18,"['1131', {'cx': 693, 'cy': 133, 'r': 39}]"
19,"['1146', {'cx': 303, 'cy': 407, 'r': 18}, {'cx': 728, 'cy': 545, 'r': 24}, {'cx': 22, 'cy': 369, 'r': 28}, {'cx': 471, 'cy': 238, 'r': 39}]"
20,"['1150', {'cx': 874, 'cy': 110, 'r': 35}]"
21,"['1168', {'cx': 698, 'cy': 70, 'r': 23}, {'cx': 731, 'cy': 158, 'r': 33}, {'cx': 821, 'cy': 120, 'r': 20}, {'cx': 259, 'cy': 388, 'r': 21}]"
22,"['1171', {'cx': 684, 'cy': 324, 'r': 32}]"
23,"['1176', {'cx': 937, 'cy': 345, 'r': 22}]"
24,"['1192', {'cx': 569, 'cy': 370, 'r': 126}]"
25,"['120', {'cx': 478, 'cy': 174, 'r': 36}]"
26,"['1203', {'cx': 401, 'cy': 116, 'r': 41}]"
27,"['1206', {'cx': 479, 'cy': 286, 'r': 29}]"
28,"['1210', {'cx': 666, 'cy': 522, 'r': 14}]"
29,"['122', {'cx': 928, 'cy': 237, 'r': 40}, {'cx': 654, 'cy': 43, 'r': 37}]"
30,"['1223', {'cx': 442, 'cy': 275, 'r': 39}, {'cx': 606, 'cy': 539, 'r': 35}]"
31,"['1231', {'cx': 2580, 'cy': 1937, 'r': 94}]"
32,"['1236', {'cx': 303, 'cy': 406, 'r': 18}, {'cx': 826, 'cy': 521, 'r': 36}, {'cx': 22, 'cy': 369, 'r': 28}, {'cx': 471, 'cy': 238, 'r': 39}]"
33,"['126', {'cx': 240, 'cy': 479, 'r': 21}]"
34,"['1272', {'cx': 992, 'cy': 496, 'r': 23}]"
35,"['1279', {'cx': 3096, 'cy': 1939, 'r': 122}, {'cx': 1827, 'cy': 841, 'r': 128}, {'cx': 2915, 'cy': 692, 'r': 119}]"
36,"['128', {'cx': 325, 'cy': 252, 'r': 20}]"
37,"['1286', {'cx': 374, 'cy': 558, 'r': 23}]"
38,"['1287', {'cx': 311, 'cy': 336, 'r': 30}]"
39,"['1288', {'cx': 509, 'cy': 390, 'r': 18}]"
40,"['129', {'cx': 106, 'cy': 69, 'r': 26}]"
41,"['131', {'cx': 686, 'cy': 161, 'r': 25}, {'cx': 981, 'cy': 437, 'r': 35}]"
42,"['1314', {'cx': 785, 'cy': 507, 'r': 31}]"
43,"['1320', {'cx': 286, 'cy': 151, 'r': 19}]"
44,"['1326', {'cx': 263, 'cy': 260, 'r': 23}, {'cx': 208, 'cy': 335, 'r': 29}]"
45,"['1328', {'cx': 485, 'cy': 200, 'r': 25}]"
46,"['1353', {'cx': 981, 'cy': 509, 'r': 16}]"
47,"['1357', {'cx': 172, 'cy': 460, 'r': 34}, {'cx': 38, 'cy': 123, 'r': 23}, {'cx': 556, 'cy': 381, 'r': 15}]"
48,"['1362', {'cx': 820, 'cy': 489, 'r': 15}]"
49,"['1366', {'cx': 329, 'cy': 507, 'r': 32}, {'cx': 810, 'cy': 543, 'r': 17}]"
50,"['137', {'cx': 353, 'cy': 134, 'r': 20}]"
51,"['1381', {'cx': 22, 'cy': 13, 'r': 36}]"
52,"['1382', {'cx': 790, 'cy': 419, 'r': 24}]"
53,"['139', {'cx': 529, 'cy': 1532, 'r': 103}]"
54,"['1399', {'cx': 860, 'cy': 410, 'r': 39}]"
55,"['1401', {'cx': 277, 'cy': 540, 'r': 43}]"
56,"['1413', {'cx': 485, 'cy': 200, 'r': 25}]"
57,"['1418', {'cx': 3279, 'cy': 51, 'r': 118}, {'cx': 4057, 'cy': 2517, 'r': 88}, {'cx': 2017, 'cy': 373, 'r': 89}]"
58,"['1424', {'cx': 172, 'cy': 460, 'r': 35}, {'cx': 38, 'cy': 123, 'r': 23}, {'cx': 556, 'cy': 381, 'r': 15}]"
59,"['1428', {'cx': 759, 'cy': 544, 'r': 34}]"
60,"['1429', {'cx': 263, 'cy': 260, 'r': 23}, {'cx': 207, 'cy': 335, 'r': 28}]"
61,"['1431', {'cx': 479, 'cy': 174, 'r': 35}]"
62,"['1433', {'cx': 397, 'cy': 560, 'r': 28}]"
63,"['1437', {'cx': 156, 'cy': 171, 'r': 35}, {'cx': 737, 'cy': 189, 'r': 44}]"
64,"['1449', {'cx': 785, 'cy': 507, 'r': 32}]"
65,"['1451', {'cx': 293, 'cy': 419, 'r': 38}, {'cx': 762, 'cy': 189, 'r': 19}]"
66,"['146', {'cx': 208, 'cy': 548, 'r': 36}]"
67,"['1465', {'cx': 471, 'cy': 561, 'r': 25}]"
68,"['1467', {'cx': 128, 'cy': 482, 'r': 26}, {'cx': 878, 'cy': 439, 'r': 36}]"
69,"['1470', {'cx': 636, 'cy': 110, 'r': 37}, {'cx': 673, 'cy': 198, 'r': 17}, {'cx': 840, 'cy': 246, 'r': 20}, {'cx': 870, 'cy': 359, 'r': 31}]"
70,"['1477', {'cx': 108, 'cy': 440, 'r': 22}, {'cx': 226, 'cy': 350, 'r': 48}, {'cx': 81, 'cy': 433, 'r': 38}]"
71,"['1479', {'cx': 775, 'cy': 447, 'r': 22}]"
72,"['1480', {'cx': 731, 'cy': 159, 'r': 34}, {'cx': 698, 'cy': 70, 'r': 23}, {'cx': 821, 'cy': 120, 'r': 21}, {'cx': 259, 'cy': 388, 'r': 21}]"
73,"['1481', {'cx': 721, 'cy': 16, 'r': 18}, {'cx': 616, 'cy': 545, 'r': 14}, {'cx': 645, 'cy': 505, 'r': 16}, {'cx': 172, 'cy': 490, 'r': 33}, {'cx': 266, 'cy': 105, 'r': 21}]"
74,"['1486', {'cx': 974, 'cy': 561, 'r': 24}]"
75,"['1498', {'cx': 605, 'cy': 82, 'r': 15}, {'cx': 739, 'cy': 282, 'r': 24}]"
76,"['1502', {'cx': 919, 'cy': 506, 'r': 25}]"
77,"['1510', {'cx': 369, 'cy': 472, 'r': 19}, {'cx': 303, 'cy': 406, 'r': 17}, {'cx': 728, 'cy': 545, 'r': 24}, {'cx': 826, 'cy': 521, 'r': 36}, {'cx': 22, 'cy': 369, 'r': 28}, {'cx': 471, 'cy': 238, 'r': 39}]"
78,"['1511', {'cx': 3298, 'cy': 2830, 'r': 100}]"
79,"['1514', {'cx': 2198, 'cy': 1445, 'r': 95}]"
80,"['1516', {'cx': 1598, 'cy': 2709, 'r': 103}, {'cx': 3024, 'cy': 1138, 'r': 98}, {'cx': 2713, 'cy': 1379, 'r': 120}]"
81,"['152', {'cx': 919, 'cy': 506, 'r': 25}]"
82,"['1520', {'cx': 2420, 'cy': 1942, 'r': 104}]"
83,"['1523', {'cx': 325, 'cy': 252, 'r': 20}]"
84,"['1528', {'cx': 981, 'cy': 509, 'r': 16}]"
85,"['1534', {'cx': 707, 'cy': 540, 'r': 20}, {'cx': 835, 'cy': 142, 'r': 16}, {'cx': 771, 'cy': 516, 'r': 17}]"
86,"['1540', {'cx': 435, 'cy': 244, 'r': 17}]"
87,"['1544', {'cx': 3031, 'cy': 1333, 'r': 89}]"
88,"['1561', {'cx': 397, 'cy': 560, 'r': 28}]"
89,"['1567', {'cx': 791, 'cy': 419, 'r': 25}]"
90,"['1573', {'cx': 76, 'cy': 520, 'r': 21}]"
91,"['1578', {'cx': 721, 'cy': 19, 'r': 32}]"
92,"['1595', {'cx': 810, 'cy': 543, 'r': 18}]"
93,"['1616', {'cx': 3224, 'cy': 2726, 'r': 118}, {'cx': 2675, 'cy': 2140, 'r': 86}]"
94,"['1623', {'cx': 38, 'cy': 123, 'r': 23}, {'cx': 556, 'cy': 381, 'r': 15}]"
95,"['1627', {'cx': 721, 'cy': 19, 'r': 33}]"
96,"['1631', {'cx': 497, 'cy': 367, 'r': 24}, {'cx': 668, 'cy': 196, 'r': 17}, {'cx': 977, 'cy': 341, 'r': 16}]"
97,"['1647', {'cx': 303, 'cy': 406, 'r': 18}, {'cx': 728, 'cy': 546, 'r': 24}, {'cx': 22, 'cy': 369, 'r': 29}, {'cx': 470, 'cy': 238, 'r': 39}]"
98,"['1650', {'cx': 920, 'cy': 528, 'r': 27}]"
99,"['1656', {'cx': 28, 'cy': 124, 'r': 25}]"
100,"['1665', {'cx': 263, 'cy': 260, 'r': 23}, {'cx': 207, 'cy': 335, 'r': 28}]"
101,"['1672', {'cx': 784, 'cy': 440, 'r': 27}]"
102,"['1692', {'cx': 34, 'cy': 222, 'r': 23}]"
103,"['1697', {'cx': 286, 'cy': 260, 'r': 20}]"
104,"['1716', {'cx': 108, 'cy': 455, 'r': 25}]"
105,"['1718', {'cx': 938, 'cy': 345, 'r': 21}]"
106,"['1724', {'cx': 416, 'cy': 129, 'r': 25}, {'cx': 958, 'cy': 462, 'r': 18}]"
107,"['1730', {'cx': 783, 'cy': 563, 'r': 26}]"
108,"['1734', {'cx': 526, 'cy': 206, 'r': 24}, {'cx': 184, 'cy': 255, 'r': 20}]"
109,"['1737', {'cx': 263, 'cy': 260, 'r': 23}, {'cx': 207, 'cy': 335, 'r': 28}]"
110,"['1747', {'cx': 937, 'cy': 345, 'r': 22}]"
111,"['1748', {'cx': 277, 'cy': 280, 'r': 28}]"
112,"['175', {'cx': 485, 'cy': 178, 'r': 22}]"
113,"['1752', {'cx': 117, 'cy': 525, 'r': 30}]"
114,"['1766', {'cx': 35, 'cy': 221, 'r': 24}]"
115,"['1773', {'cx': 215, 'cy': 346, 'r': 22}]"
116,"['178', {'cx': 1010, 'cy': 337, 'r': 25}]"
117,"['1793', {'cx': 860, 'cy': 410, 'r': 39}]"
118,"['1799', {'cx': 110, 'cy': 261, 'r': 29}]"
119,"['1800', {'cx': 974, 'cy': 561, 'r': 25}]"
120,"['1805', {'cx': 108, 'cy': 440, 'r': 22}, {'cx': 227, 'cy': 350, 'r': 49}, {'cx': 81, 'cy': 433, 'r': 38}]"
121,"['1807', {'cx': 604, 'cy': 422, 'r': 17}, {'cx': 684, 'cy': 538, 'r': 31}]"
122,"['1813', {'cx': 940, 'cy': 302, 'r': 27}]"
123,"['1821', {'cx': 526, 'cy': 206, 'r': 24}, {'cx': 184, 'cy': 255, 'r': 20}]"
124,"['1827', {'cx': 292, 'cy': 29, 'r': 24}, {'cx': 656, 'cy': 105, 'r': 14}, {'cx': 702, 'cy': 153, 'r': 16}, {'cx': 548, 'cy': 340, 'r': 30}, {'cx': 405, 'cy': 402, 'r': 20}, {'cx': 197, 'cy': 62, 'r': 34}, {'cx': 1004, 'cy': 212, 'r': 30}]"
125,"['1828', {'cx': 120, 'cy': 87, 'r': 37}]"
126,"['1833', {'cx': 650, 'cy': 106, 'r': 17}, {'cx': 493, 'cy': 46, 'r': 12}]"
127,"['1834', {'cx': 2623, 'cy': 523, 'r': 107}]"
128,"['1835', {'cx': 142, 'cy': 519, 'r': 24}]"
129,"['1849', {'cx': 325, 'cy': 252, 'r': 20}]"
130,"['185', {'cx': 279, 'cy': 346, 'r': 40}, {'cx': 13, 'cy': 105, 'r': 20}, {'cx': 157, 'cy': 525, 'r': 19}, {'cx': 622, 'cy': 130, 'r': 20}, {'cx': 68, 'cy': 67, 'r': 21}]"
131,"['1850', {'cx': 632, 'cy': 367, 'r': 28}]"
132,"['1863', {'cx': 700, 'cy': 550, 'r': 31}]"
133,"['1886', {'cx': 992, 'cy': 496, 'r': 23}]"
134,"['1904', {'cx': 279, 'cy': 346, 'r': 41}, {'cx': 14, 'cy': 105, 'r': 20}, {'cx': 157, 'cy': 525, 'r': 19}, {'cx': 622, 'cy': 131, 'r': 20}, {'cx': 68, 'cy': 66, 'r': 21}]"
135,"['1920', {'cx': 666, 'cy': 522, 'r': 14}]"
136,"['1922', {'cx': 471, 'cy': 561, 'r': 25}]"
137,"['1925', {'cx': 922, 'cy': 488, 'r': 20}]"
138,"['193', {'cx': 346, 'cy': 265, 'r': 36}]"
139,"['1937', {'cx': 922, 'cy': 488, 'r': 20}]"
140,"['1959', {'cx': 184, 'cy': 255, 'r': 20}, {'cx': 526, 'cy': 206, 'r': 25}]"
141,"['1961', {'cx': 22, 'cy': 555, 'r': 27}]"
142,"['1963', {'cx': 2423, 'cy': 1755, 'r': 90}]"
143,"['1965', {'cx': 291, 'cy': 28, 'r': 24}, {'cx': 656, 'cy': 105, 'r': 14}, {'cx': 702, 'cy': 153, 'r': 16}, {'cx': 549, 'cy': 340, 'r': 29}, {'cx': 405, 'cy': 401, 'r': 20}, {'cx': 197, 'cy': 62, 'r': 34}, {'cx': 1004, 'cy': 213, 'r': 31}]"
144,"['1983', {'cx': 974, 'cy': 561, 'r': 25}]"
145,"['1984', {'cx': 905, 'cy': 205, 'r': 24}]"
146,"['2024', {'cx': 837, 'cy': 516, 'r': 18}, {'cx': 956, 'cy': 512, 'r': 19}, {'cx': 743, 'cy': 232, 'r': 33}, {'cx': 1014, 'cy': 476, 'r': 18}]"
147,"['2034', {'cx': 785, 'cy': 507, 'r': 32}]"
148,"['2035', {'cx': 394, 'cy': 546, 'r': 42}]"
149,"['2048', {'cx': 2734, 'cy': 2653, 'r': 91}]"
150,"['2049', {'cx': 344, 'cy': 266, 'r': 37}]"
151,"['2050', {'cx': 110, 'cy': 262, 'r': 29}]"
152,"['2070', {'cx': 376, 'cy': 69, 'r': 19}]"
153,"['2078', {'cx': 498, 'cy': 368, 'r': 24}, {'cx': 668, 'cy': 196, 'r': 17}, {'cx': 977, 'cy': 341, 'r': 16}]"
154,"['2081', {'cx': 28, 'cy': 124, 'r': 24}]"
155,"['2085', {'cx': 1592, 'cy': 1736, 'r': 102}]"
156,"['2091', {'cx': 618, 'cy': 250, 'r': 43}]"
157,"['2100', {'cx': 4188, 'cy': 3010, 'r': 133}]"
158,"['2106', {'cx': 86, 'cy': 293, 'r': 21}]"
159,"['2114', {'cx': 938, 'cy': 290, 'r': 30}]"
160,"['2115', {'cx': 2322, 'cy': 1274, 'r': 80}]"
161,"['212', {'cx': 962, 'cy': 470, 'r': 26}]"
162,"['2125', {'cx': 612, 'cy': 392, 'r': 35}, {'cx': 599, 'cy': 433, 'r': 27}]"
163,"['2126', {'cx': 66, 'cy': 151, 'r': 30}]"
164,"['2132', {'cx': 689, 'cy': 460, 'r': 22}]"
165,"['2137', {'cx': 636, 'cy': 110, 'r': 38}, {'cx': 840, 'cy': 246, 'r': 20}, {'cx': 673, 'cy': 198, 'r': 17}, {'cx': 869, 'cy': 358, 'r': 30}]"
166,"['2138', {'cx': 28, 'cy': 124, 'r': 25}]"
167,"['2144', {'cx': 376, 'cy': 69, 'r': 18}]"
168,"['2147', {'cx': 1940, 'cy': 1261, 'r': 119}, {'cx': 5240, 'cy': 643, 'r': 174}, {'cx': 1975, 'cy': 1017, 'r': 119}]"
169,"['2153', {'cx': 339, 'cy': 248, 'r': 27}]"
170,"['2159', {'cx': 539, 'cy': 200, 'r': 32}]"
171,"['2162', {'cx': 759, 'cy': 544, 'r': 35}]"
172,"['2169', {'cx': 201, 'cy': 2436, 'r': 193}, {'cx': 3510, 'cy': 2085, 'r': 120}, {'cx': 3504, 'cy': 2772, 'r': 138}]"
173,"['217', {'cx': 539, 'cy': 200, 'r': 32}]"
174,"['2184', {'cx': 686, 'cy': 161, 'r': 25}, {'cx': 982, 'cy': 437, 'r': 35}]"
175,"['2196', {'cx': 22, 'cy': 14, 'r': 37}]"
176,"['2197', {'cx': 636, 'cy': 110, 'r': 38}, {'cx': 672, 'cy': 198, 'r': 18}, {'cx': 840, 'cy': 246, 'r': 20}, {'cx': 870, 'cy': 358, 'r': 31}]"
177,"['2201', {'cx': 147, 'cy': 473, 'r': 31}]"
178,"['2202', {'cx': 747, 'cy': 19, 'r': 37}, {'cx': 835, 'cy': 142, 'r': 16}, {'cx': 707, 'cy': 540, 'r': 21}, {'cx': 771, 'cy': 516, 'r': 17}]"
179,"['2207', {'cx': 479, 'cy': 286, 'r': 28}]"
180,"['2208', {'cx': 156, 'cy': 171, 'r': 35}, {'cx': 737, 'cy': 189, 'r': 44}]"
181,"['221', {'cx': 539, 'cy': 200, 'r': 32}]"
182,"['2214', {'cx': 291, 'cy': 419, 'r': 38}, {'cx': 762, 'cy': 189, 'r': 19}]"
183,"['2226', {'cx': 687, 'cy': 160, 'r': 24}, {'cx': 981, 'cy': 437, 'r': 35}]"
184,"['2241', {'cx': 3011, 'cy': 2480, 'r': 116}]"
185,"['225', {'cx': 286, 'cy': 151, 'r': 20}]"
186,"['2254', {'cx': 67, 'cy': 124, 'r': 63}, {'cx': 865, 'cy': 407, 'r': 35}, {'cx': 317, 'cy': 147, 'r': 38}]"
187,"['2258', {'cx': 789, 'cy': 442, 'r': 21}, {'cx': 185, 'cy': 132, 'r': 19}, {'cx': 108, 'cy': 364, 'r': 31}]"
188,"['2280', {'cx': 920, 'cy': 528, 'r': 27}]"
189,"['2281', {'cx': 817, 'cy': 245, 'r': 20}, {'cx': 122, 'cy': 390, 'r': 24}, {'cx': 100, 'cy': 187, 'r': 28}]"
190,"['2299', {'cx': 963, 'cy': 470, 'r': 25}]"
191,"['2301', {'cx': 110, 'cy': 261, 'r': 29}]"
192,"['2302', {'cx': 632, 'cy': 367, 'r': 28}]"
193,"['2304', {'cx': 128, 'cy': 482, 'r': 26}, {'cx': 877, 'cy': 439, 'r': 35}]"
194,"['2313', {'cx': 698, 'cy': 70, 'r': 23}, {'cx': 731, 'cy': 159, 'r': 34}, {'cx': 821, 'cy': 120, 'r': 21}, {'cx': 259, 'cy': 388, 'r': 21}]"
195,"['2322', {'cx': 339, 'cy': 249, 'r': 28}]"
196,"['2327', {'cx': 684, 'cy': 324, 'r': 31}]"
197,"['2333', {'cx': 479, 'cy': 286, 'r': 29}]"
198,"['2343', {'cx': 689, 'cy': 435, 'r': 19}]"
199,"['2348', {'cx': 263, 'cy': 260, 'r': 24}, {'cx': 207, 'cy': 335, 'r': 28}]"
200,"['2351', {'cx': 172, 'cy': 460, 'r': 34}, {'cx': 38, 'cy': 123, 'r': 23}, {'cx': 556, 'cy': 381, 'r': 15}]"
201,"['2363', {'cx': 1373, 'cy': 2150, 'r': 86}]"
202,"['2372', {'cx': 338, 'cy': 557, 'r': 26}]"
203,"['2376', {'cx': 689, 'cy': 435, 'r': 19}]"
204,"['2379', {'cx': 311, 'cy': 336, 'r': 30}]"
205,"['2381', {'cx': 937, 'cy': 344, 'r': 22}]"
206,"['2391', {'cx': 325, 'cy': 252, 'r': 20}]"
207,"['2398', {'cx': 278, 'cy': 346, 'r': 42}, {'cx': 14, 'cy': 105, 'r': 20}, {'cx': 157, 'cy': 525, 'r': 20}, {'cx': 622, 'cy': 130, 'r': 20}, {'cx': 68, 'cy': 67, 'r': 21}]"
208,"['2400', {'cx': 16, 'cy': 390, 'r': 25}]"
209,"['2416', {'cx': 401, 'cy': 116, 'r': 40}]"
210,"['2419', {'cx': 416, 'cy': 129, 'r': 25}, {'cx': 958, 'cy': 462, 'r': 19}]"
211,"['2420', {'cx': 919, 'cy': 506, 'r': 25}]"
212,"['2429', {'cx': 783, 'cy': 563, 'r': 26}]"
213,"['2439', {'cx': 837, 'cy': 516, 'r': 18}, {'cx': 1014, 'cy': 476, 'r': 18}, {'cx': 743, 'cy': 232, 'r': 32}, {'cx': 956, 'cy': 512, 'r': 20}]"
214,"['2440', {'cx': 821, 'cy': 489, 'r': 16}]"
215,"['2449', {'cx': 54, 'cy': 410, 'r': 28}]"
216,"['2452', {'cx': 3282, 'cy': 1648, 'r': 101}]"
217,"['2457', {'cx': 475, 'cy': 373, 'r': 21}]"
218,"['2459', {'cx': 2843, 'cy': 370, 'r': 93}, {'cx': 3377, 'cy': 2977, 'r': 72}]"
219,"['2465', {'cx': 478, 'cy': 174, 'r': 36}]"
220,"['2467', {'cx': 2362, 'cy': 1241, 'r': 188}, {'cx': 2563, 'cy': 1382, 'r': 85}]"
221,"['2468', {'cx': 303, 'cy': 406, 'r': 18}, {'cx': 618, 'cy': 174, 'r': 17}, {'cx': 728, 'cy': 545, 'r': 24}, {'cx': 826, 'cy': 521, 'r': 37}, {'cx': 22, 'cy': 369, 'r': 29}, {'cx': 471, 'cy': 238, 'r': 39}]"
222,"['2470', {'cx': 2701, 'cy': 2025, 'r': 93}, {'cx': 4284, 'cy': 566, 'r': 157}]"
223,"['2481', {'cx': 963, 'cy': 470, 'r': 25}]"
224,"['2483', {'cx': 686, 'cy': 160, 'r': 24}, {'cx': 982, 'cy': 437, 'r': 35}]"
225,"['2485', {'cx': 28, 'cy': 124, 'r': 25}]"
226,"['2496', {'cx': 919, 'cy': 506, 'r': 25}]"
227,"['2498', {'cx': 810, 'cy': 543, 'r': 18}]"
228,"['250', {'cx': 311, 'cy': 336, 'r': 30}]"
229,"['2501', {'cx': 108, 'cy': 440, 'r': 22}, {'cx': 227, 'cy': 350, 'r': 49}, {'cx': 81, 'cy': 433, 'r': 38}]"
230,"['2516', {'cx': 2078, 'cy': 853, 'r': 88}]"
231,"['252', {'cx': 982, 'cy': 371, 'r': 26}]"
232,"['2524', {'cx': 451, 'cy': 29, 'r': 17}, {'cx': 339, 'cy': 559, 'r': 17}]"
233,"['2526', {'cx': 292, 'cy': 29, 'r': 24}, {'cx': 784, 'cy': 334, 'r': 26}, {'cx': 656, 'cy': 105, 'r': 14}, {'cx': 702, 'cy': 153, 'r': 16}, {'cx': 548, 'cy': 340, 'r': 30}, {'cx': 405, 'cy': 402, 'r': 20}, {'cx': 197, 'cy': 61, 'r': 34}, {'cx': 1004, 'cy': 212, 'r': 30}]"
234,"['2534', {'cx': 338, 'cy': 556, 'r': 27}]"
235,"['2547', {'cx': 34, 'cy': 221, 'r': 24}]"
236,"['2550', {'cx': 967, 'cy': 166, 'r': 51}]"
237,"['2554', {'cx': 18, 'cy': 237, 'r': 34}, {'cx': 46, 'cy': 204, 'r': 21}]"
238,"['2568', {'cx': 286, 'cy': 151, 'r': 20}]"
239,"['2583', {'cx': 2333, 'cy': 1262, 'r': 101}, {'cx': 2474, 'cy': 885, 'r': 92}]"
240,"['2584', {'cx': 922, 'cy': 488, 'r': 20}]"
241,"['2586', {'cx': 988, 'cy': 249, 'r': 28}]"
242,"['2590', {'cx': 919, 'cy': 506, 'r': 25}]"
243,"['2594', {'cx': 684, 'cy': 529, 'r': 16}, {'cx': 529, 'cy': 530, 'r': 12}, {'cx': 430, 'cy': 552, 'r': 20}]"
244,"['2603', {'cx': 828, 'cy': 561, 'r': 19}, {'cx': 120, 'cy': 115, 'r': 26}]"
245,"['2610', {'cx': 938, 'cy': 290, 'r': 30}]"
246,"['262', {'cx': 22, 'cy': 14, 'r': 37}]"
247,"['2625', {'cx': 66, 'cy': 151, 'r': 30}]"
248,"['2626', {'cx': 117, 'cy': 525, 'r': 30}]"
249,"['2639', {'cx': 604, 'cy': 422, 'r': 17}, {'cx': 684, 'cy': 538, 'r': 32}]"
250,"['2640', {'cx': 18, 'cy': 237, 'r': 35}, {'cx': 45, 'cy': 203, 'r': 22}]"
251,"['2649', {'cx': 339, 'cy': 248, 'r': 26}]"
252,"['2654', {'cx': 270, 'cy': 556, 'r': 23}, {'cx': 185, 'cy': 11, 'r': 32}]"
253,"['2661', {'cx': 940, 'cy': 381, 'r': 35}]"
254,"['267', {'cx': 186, 'cy': 132, 'r': 20}, {'cx': 108, 'cy': 365, 'r': 31}]"
255,"['2676', {'cx': 22, 'cy': 555, 'r': 27}]"
256,"['2677', {'cx': 474, 'cy': 373, 'r': 20}]"
257,"['2682', {'cx': 68, 'cy': 287, 'r': 25}, {'cx': 821, 'cy': 297, 'r': 24}]"
258,"['2687', {'cx': 215, 'cy': 345, 'r': 21}]"
259,"['2691', {'cx': 785, 'cy': 507, 'r': 31}]"
260,"['2698', {'cx': 346, 'cy': 264, 'r': 35}]"
261,"['2702', {'cx': 411, 'cy': 456, 'r': 22}]"
262,"['2711', {'cx': 684, 'cy': 529, 'r': 16}, {'cx': 529, 'cy': 530, 'r': 12}, {'cx': 430, 'cy': 552, 'r': 20}]"
263,"['2719', {'cx': 558, 'cy': 279, 'r': 22}]"
264,"['2723', {'cx': 821, 'cy': 297, 'r': 24}]"
265,"['2726', {'cx': 632, 'cy': 367, 'r': 28}]"
266,"['2736', {'cx': 974, 'cy': 561, 'r': 25}]"
267,"['2737', {'cx': 14, 'cy': 86, 'r': 26}]"
268,"['2743', {'cx': 786, 'cy': 199, 'r': 35}]"
269,"['2745', {'cx': 4523, 'cy': 2809, 'r': 136}]"
270,"['2750', {'cx': 386, 'cy': 562, 'r': 24}]"
271,"['2765', {'cx': 783, 'cy': 563, 'r': 26}]"
272,"['2769', {'cx': 292, 'cy': 29, 'r': 24}, {'cx': 784, 'cy': 334, 'r': 26}, {'cx': 656, 'cy': 105, 'r': 14}, {'cx': 702, 'cy': 153, 'r': 16}, {'cx': 548, 'cy': 340, 'r': 30}, {'cx': 405, 'cy': 401, 'r': 20}, {'cx': 197, 'cy': 62, 'r': 34}, {'cx': 1004, 'cy': 212, 'r': 30}]"
273,"['2775', {'cx': 864, 'cy': 283, 'r': 24}]"
274,"['2783', {'cx': 293, 'cy': 419, 'r': 38}, {'cx': 763, 'cy': 189, 'r': 19}]"
275,"['2788', {'cx': 172, 'cy': 460, 'r': 34}, {'cx': 38, 'cy': 123, 'r': 23}, {'cx': 556, 'cy': 381, 'r': 15}]"
276,"['2790', {'cx': 106, 'cy': 68, 'r': 26}]"
277,"['2792', {'cx': 3155, 'cy': 628, 'r': 122}]"
278,"['2794', {'cx': 108, 'cy': 455, 'r': 24}]"
279,"['2803', {'cx': 783, 'cy': 564, 'r': 26}]"
280,"['2807', {'cx': 38, 'cy': 123, 'r': 23}, {'cx': 556, 'cy': 381, 'r': 15}]"
281,"['2808', {'cx': 604, 'cy': 422, 'r': 17}, {'cx': 684, 'cy': 538, 'r': 31}]"
282,"['2826', {'cx': 905, 'cy': 204, 'r': 24}]"
283,"['2830', {'cx': 435, 'cy': 244, 'r': 17}]"
284,"['2831', {'cx': 874, 'cy': 110, 'r': 35}]"
285,"['2833', {'cx': 1413, 'cy': 1385, 'r': 106}, {'cx': 1104, 'cy': 1791, 'r': 123}]"
286,"['2850', {'cx': 279, 'cy': 346, 'r': 41}, {'cx': 13, 'cy': 105, 'r': 20}, {'cx': 157, 'cy': 525, 'r': 19}, {'cx': 622, 'cy': 130, 'r': 20}, {'cx': 68, 'cy': 67, 'r': 21}]"
287,"['2852', {'cx': 981, 'cy': 509, 'r': 16}]"
288,"['2854', {'cx': 2557, 'cy': 1875, 'r': 71}, {'cx': 459, 'cy': 1223, 'r': 84}]"
289,"['2862', {'cx': 70, 'cy': 556, 'r': 21}, {'cx': 605, 'cy': 82, 'r': 15}, {'cx': 739, 'cy': 282, 'r': 23}]"
290,"['2866', {'cx': 277, 'cy': 280, 'r': 28}]"
291,"['2867', {'cx': 325, 'cy': 252, 'r': 20}]"
292,"['2869', {'cx': 17, 'cy': 237, 'r': 34}, {'cx': 46, 'cy': 203, 'r': 21}]"
293,"['2873', {'cx': 1668, 'cy': 1069, 'r': 141}]"
294,"['2884', {'cx': 701, 'cy': 185, 'r': 21}]"
295,"['289', {'cx': 901, 'cy': 543, 'r': 38}]"
296,"['2895', {'cx': 711, 'cy': 297, 'r': 19}]"
297,"['2911', {'cx': 787, 'cy': 357, 'r': 35}]"
298,"['293', {'cx': 311, 'cy': 336, 'r': 30}]"
299,"['2930', {'cx': 906, 'cy': 205, 'r': 25}]"
300,"['2931', {'cx': 605, 'cy': 82, 'r': 15}, {'cx': 740, 'cy': 282, 'r': 23}]"
301,"['2934', {'cx': 397, 'cy': 560, 'r': 28}]"
302,"['2957', {'cx': 202, 'cy': 280, 'r': 31}]"
303,"['2959', {'cx': 469, 'cy': 495, 'r': 18}]"
304,"['2973', {'cx': 928, 'cy': 237, 'r': 39}, {'cx': 654, 'cy': 43, 'r': 37}]"
305,"['2978', {'cx': 485, 'cy': 178, 'r': 22}]"
306,"['298', {'cx': 830, 'cy': 137, 'r': 31}]"
307,"['2982', {'cx': 784, 'cy': 563, 'r': 26}]"
308,"['2987', {'cx': 666, 'cy': 522, 'r': 14}]"
309,"['2994', {'cx': 874, 'cy': 110, 'r': 35}]"
310,"['300', {'cx': 901, 'cy': 544, 'r': 38}]"
311,"['3011', {'cx': 38, 'cy': 307, 'r': 20}]"
312,"['3014', {'cx': 120, 'cy': 88, 'r': 37}]"
313,"['3020', {'cx': 784, 'cy': 440, 'r': 26}]"
314,"['3021', {'cx': 223, 'cy': 302, 'r': 44}]"
315,"['3024', {'cx': 968, 'cy': 421, 'r': 22}]"
316,"['3026', {'cx': 819, 'cy': 421, 'r': 38}]"
317,"['3034', {'cx': 2337, 'cy': 2473, 'r': 89}, {'cx': 2474, 'cy': 2469, 'r': 96}]"
318,"['3035', {'cx': 973, 'cy': 214, 'r': 41}]"
319,"['3038', {'cx': 172, 'cy': 460, 'r': 34}, {'cx': 38, 'cy': 123, 'r': 23}, {'cx': 556, 'cy': 381, 'r': 15}]"
320,"['3041', {'cx': 414, 'cy': 155, 'r': 55}, {'cx': 506, 'cy': 389, 'r': 24}]"
321,"['3059', {'cx': 480, 'cy': 286, 'r': 28}]"
322,"['307', {'cx': 968, 'cy': 422, 'r': 21}]"
323,"['3076', {'cx': 725, 'cy': 207, 'r': 34}]"
324,"['3088', {'cx': 684, 'cy': 324, 'r': 32}]"
325,"['3089', {'cx': 2337, 'cy': 1316, 'r': 86}]"
326,"['3097', {'cx': 605, 'cy': 82, 'r': 15}, {'cx': 739, 'cy': 282, 'r': 23}]"
327,"['3099', {'cx': 783, 'cy': 563, 'r': 26}]"
328,"['3116', {'cx': 142, 'cy': 518, 'r': 24}]"
329,"['3119', {'cx': 263, 'cy': 260, 'r': 23}, {'cx': 207, 'cy': 335, 'r': 28}]"
330,"['3140', {'cx': 2092, 'cy': 755, 'r': 227}, {'cx': 1838, 'cy': 887, 'r': 128}]"
331,"['3149', {'cx': 698, 'cy': 70, 'r': 23}, {'cx': 731, 'cy': 158, 'r': 33}, {'cx': 821, 'cy': 120, 'r': 21}, {'cx': 259, 'cy': 388, 'r': 21}]"
332,"['3151', {'cx': 277, 'cy': 280, 'r': 28}]"
333,"['3160', {'cx': 666, 'cy': 522, 'r': 14}]"
334,"['3162', {'cx': 928, 'cy': 237, 'r': 40}, {'cx': 654, 'cy': 43, 'r': 37}]"
335,"['3163', {'cx': 202, 'cy': 280, 'r': 31}]"
336,"['3169', {'cx': 325, 'cy': 250, 'r': 24}, {'cx': 426, 'cy': 81, 'r': 14}, {'cx': 417, 'cy': 102, 'r': 14}]"
337,"['3182', {'cx': 509, 'cy': 390, 'r': 18}]"
338,"['3188', {'cx': 616, 'cy': 545, 'r': 14}, {'cx': 721, 'cy': 16, 'r': 18}, {'cx': 645, 'cy': 505, 'r': 16}, {'cx': 173, 'cy': 490, 'r': 33}, {'cx': 266, 'cy': 104, 'r': 20}]"
339,"['3189', {'cx': 632, 'cy': 367, 'r': 28}]"
340,"['320', {'cx': 618, 'cy': 250, 'r': 42}]"
341,"['3207', {'cx': 353, 'cy': 134, 'r': 20}]"
342,"['321', {'cx': 386, 'cy': 245, 'r': 14}]"
343,"['3227', {'cx': 386, 'cy': 245, 'r': 14}]"
344,"['3235', {'cx': 270, 'cy': 556, 'r': 23}, {'cx': 186, 'cy': 11, 'r': 32}]"
345,"['3240', {'cx': 874, 'cy': 110, 'r': 35}]"
346,"['3258', {'cx': 28, 'cy': 124, 'r': 25}]"
347,"['3260', {'cx': 2853, 'cy': 2540, 'r': 102}]"
348,"['3268', {'cx': 17, 'cy': 237, 'r': 34}, {'cx': 46, 'cy': 203, 'r': 22}]"
349,"['3280', {'cx': 700, 'cy': 550, 'r': 31}]"
350,"['329', {'cx': 940, 'cy': 381, 'r': 35}]"
351,"['3290', {'cx': 263, 'cy': 260, 'r': 23}, {'cx': 207, 'cy': 335, 'r': 28}]"
352,"['330', {'cx': 83, 'cy': 228, 'r': 17}]"
353,"['3300', {'cx': 689, 'cy': 435, 'r': 19}]"
354,"['3302', {'cx': 860, 'cy': 410, 'r': 39}]"
355,"['3304', {'cx': 68, 'cy': 124, 'r': 63}, {'cx': 865, 'cy': 407, 'r': 35}, {'cx': 318, 'cy': 147, 'r': 38}]"
356,"['3322', {'cx': 1262, 'cy': 1792, 'r': 194}, {'cx': 1219, 'cy': 1446, 'r': 113}, {'cx': 1279, 'cy': 1654, 'r': 158}]"
357,"['3330', {'cx': 974, 'cy': 561, 'r': 25}]"
358,"['3339', {'cx': 485, 'cy': 200, 'r': 25}]"
359,"['3341', {'cx': 711, 'cy': 297, 'r': 19}]"
360,"['3344', {'cx': 940, 'cy': 381, 'r': 35}]"
361,"['336', {'cx': 830, 'cy': 137, 'r': 31}]"
362,"['3361', {'cx': 558, 'cy': 279, 'r': 23}]"
363,"['3363', {'cx': 39, 'cy': 519, 'r': 34}]"
364,"['3364', {'cx': 394, 'cy': 546, 'r': 42}]"
365,"['337', {'cx': 3725, 'cy': 1133, 'r': 94}, {'cx': 1521, 'cy': 886, 'r': 95}, {'cx': 4479, 'cy': 1536, 'r': 100}, {'cx': 1797, 'cy': 875, 'r': 107}, {'cx': 1520, 'cy': 187, 'r': 82}, {'cx': 1629, 'cy': 243, 'r': 75}, {'cx': 1779, 'cy': 320, 'r': 88}, {'cx': 1596, 'cy': 727, 'r': 90}]"
366,"['3374', {'cx': 937, 'cy': 344, 'r': 22}]"
367,"['3381', {'cx': 1003, 'cy': 455, 'r': 32}]"
368,"['339', {'cx': 611, 'cy': 392, 'r': 35}, {'cx': 598, 'cy': 432, 'r': 27}]"
369,"['34', {'cx': 732, 'cy': 200, 'r': 28}]"
370,"['343', {'cx': 728, 'cy': 545, 'r': 24}, {'cx': 826, 'cy': 522, 'r': 37}, {'cx': 303, 'cy': 407, 'r': 18}, {'cx': 22, 'cy': 369, 'r': 28}, {'cx': 471, 'cy': 238, 'r': 38}]"
371,"['351', {'cx': 223, 'cy': 302, 'r': 45}]"
372,"['353', {'cx': 920, 'cy': 528, 'r': 27}]"
373,"['358', {'cx': 810, 'cy': 543, 'r': 18}]"
374,"['37', {'cx': 3295, 'cy': 1842, 'r': 83}, {'cx': 3023, 'cy': 159, 'r': 114}]"
375,"['386', {'cx': 80, 'cy': 465, 'r': 29}]"
376,"['40', {'cx': 940, 'cy': 381, 'r': 35}]"
377,"['403', {'cx': 263, 'cy': 260, 'r': 23}, {'cx': 207, 'cy': 335, 'r': 28}]"
378,"['407', {'cx': 670, 'cy': 553, 'r': 32}]"
379,"['415', {'cx': 835, 'cy': 142, 'r': 16}, {'cx': 707, 'cy': 540, 'r': 21}, {'cx': 771, 'cy': 516, 'r': 17}]"
380,"['416', {'cx': 701, 'cy': 184, 'r': 21}]"
381,"['421', {'cx': 721, 'cy': 19, 'r': 32}]"
382,"['431', {'cx': 435, 'cy': 244, 'r': 17}]"
383,"['443', {'cx': 689, 'cy': 435, 'r': 19}]"
384,"['448', {'cx': 650, 'cy': 105, 'r': 16}, {'cx': 494, 'cy': 46, 'r': 13}]"
385,"['449', {'cx': 379, 'cy': 251, 'r': 31}]"
386,"['455', {'cx': 443, 'cy': 276, 'r': 38}, {'cx': 607, 'cy': 539, 'r': 36}]"
387,"['458', {'cx': 286, 'cy': 260, 'r': 20}]"
388,"['461', {'cx': 186, 'cy': 132, 'r': 20}, {'cx': 108, 'cy': 364, 'r': 32}]"
389,"['463', {'cx': 181, 'cy': 332, 'r': 27}, {'cx': 565, 'cy': 550, 'r': 34}, {'cx': 394, 'cy': 468, 'r': 32}]"
390,"['467', {'cx': 992, 'cy': 496, 'r': 23}]"
391,"['471', {'cx': 468, 'cy': 495, 'r': 19}]"
392,"['476', {'cx': 279, 'cy': 346, 'r': 41}, {'cx': 14, 'cy': 105, 'r': 20}, {'cx': 157, 'cy': 525, 'r': 19}, {'cx': 622, 'cy': 131, 'r': 20}, {'cx': 68, 'cy': 67, 'r': 21}]"
393,"['48', {'cx': 2775, 'cy': 1062, 'r': 143}, {'cx': 1206, 'cy': 2518, 'r': 167}]"
394,"['480', {'cx': 919, 'cy': 506, 'r': 25}]"
395,"['489', {'cx': 506, 'cy': 389, 'r': 24}]"
396,"['496', {'cx': 901, 'cy': 544, 'r': 38}]"
397,"['498', {'cx': 698, 'cy': 70, 'r': 23}, {'cx': 731, 'cy': 159, 'r': 34}, {'cx': 821, 'cy': 120, 'r': 20}, {'cx': 259, 'cy': 388, 'r': 21}]"
398,"['499', {'cx': 28, 'cy': 124, 'r': 25}]"
399,"['503', {'cx': 110, 'cy': 262, 'r': 29}]"
400,"['504', {'cx': 3202, 'cy': 2645, 'r': 60}, {'cx': 3236, 'cy': 2539, 'r': 62}]"
401,"['505', {'cx': 974, 'cy': 561, 'r': 25}]"
402,"['51', {'cx': 394, 'cy': 546, 'r': 42}]"
403,"['511', {'cx': 209, 'cy': 547, 'r': 36}]"
404,"['518', {'cx': 471, 'cy': 561, 'r': 25}]"
405,"['520', {'cx': 618, 'cy': 174, 'r': 17}, {'cx': 728, 'cy': 545, 'r': 24}, {'cx': 826, 'cy': 522, 'r': 37}, {'cx': 303, 'cy': 407, 'r': 18}, {'cx': 22, 'cy': 369, 'r': 28}, {'cx': 470, 'cy': 238, 'r': 39}]"
406,"['521', {'cx': 286, 'cy': 151, 'r': 20}]"
407,"['529', {'cx': 3384, 'cy': 2208, 'r': 99}]"
408,"['532', {'cx': 117, 'cy': 525, 'r': 30}]"
409,"['534', {'cx': 84, 'cy': 227, 'r': 17}]"
410,"['535', {'cx': 346, 'cy': 265, 'r': 36}]"
411,"['536', {'cx': 215, 'cy': 346, 'r': 21}]"
412,"['548', {'cx': 2569, 'cy': 1864, 'r': 116}]"
413,"['557', {'cx': 721, 'cy': 16, 'r': 18}, {'cx': 616, 'cy': 545, 'r': 14}, {'cx': 645, 'cy': 505, 'r': 16}, {'cx': 172, 'cy': 490, 'r': 34}, {'cx': 266, 'cy': 105, 'r': 21}]"
414,"['56', {'cx': 700, 'cy': 550, 'r': 31}]"
415,"['572', {'cx': 759, 'cy': 544, 'r': 35}]"
416,"['585', {'cx': 263, 'cy': 260, 'r': 24}, {'cx': 207, 'cy': 335, 'r': 28}]"
417,"['586', {'cx': 76, 'cy': 520, 'r': 21}]"
418,"['591', {'cx': 147, 'cy': 473, 'r': 31}]"
419,"['598', {'cx': 974, 'cy': 561, 'r': 25}]"
420,"['6', {'cx': 828, 'cy': 561, 'r': 19}, {'cx': 121, 'cy': 115, 'r': 26}]"
421,"['603', {'cx': 120, 'cy': 88, 'r': 37}]"
422,"['625', {'cx': 974, 'cy': 561, 'r': 25}]"
423,"['64', {'cx': 3279, 'cy': 1619, 'r': 133}, {'cx': 3881, 'cy': 2345, 'r': 85}, {'cx': 3958, 'cy': 2926, 'r': 85}, {'cx': 3851, 'cy': 2831, 'r': 81}, {'cx': 3694, 'cy': 2762, 'r': 87}]"
424,"['650', {'cx': 558, 'cy': 279, 'r': 22}]"
425,"['657', {'cx': 353, 'cy': 134, 'r': 20}]"
426,"['664', {'cx': 618, 'cy': 174, 'r': 17}, {'cx': 303, 'cy': 406, 'r': 17}, {'cx': 826, 'cy': 522, 'r': 37}, {'cx': 369, 'cy': 472, 'r': 19}, {'cx': 728, 'cy': 545, 'r': 24}, {'cx': 22, 'cy': 369, 'r': 28}, {'cx': 470, 'cy': 238, 'r': 39}]"
427,"['668', {'cx': 80, 'cy': 464, 'r': 29}]"
428,"['669', {'cx': 509, 'cy': 390, 'r': 18}]"
429,"['67', {'cx': 604, 'cy': 422, 'r': 17}, {'cx': 684, 'cy': 538, 'r': 32}]"
430,"['671', {'cx': 973, 'cy': 214, 'r': 41}]"
431,"['672', {'cx': 1010, 'cy': 337, 'r': 25}]"
432,"['686', {'cx': 684, 'cy': 323, 'r': 31}]"
433,"['699', {'cx': 2545, 'cy': 2372, 'r': 87}]"
434,"['7', {'cx': 920, 'cy': 528, 'r': 27}]"
435,"['703', {'cx': 286, 'cy': 260, 'r': 20}]"
436,"['716', {'cx': 759, 'cy': 545, 'r': 34}]"
437,"['73', {'cx': 693, 'cy': 133, 'r': 39}]"
438,"['735', {'cx': 616, 'cy': 545, 'r': 14}, {'cx': 721, 'cy': 16, 'r': 18}, {'cx': 645, 'cy': 505, 'r': 16}, {'cx': 172, 'cy': 490, 'r': 34}, {'cx': 266, 'cy': 105, 'r': 21}]"
439,"['741', {'cx': 860, 'cy': 410, 'r': 39}]"
440,"['744', {'cx': 2557, 'cy': 1875, 'r': 71}, {'cx': 459, 'cy': 1223, 'r': 84}]"
441,"['752', {'cx': 605, 'cy': 82, 'r': 15}, {'cx': 739, 'cy': 282, 'r': 23}]"
442,"['758', {'cx': 84, 'cy': 228, 'r': 18}]"
443,"['759', {'cx': 451, 'cy': 29, 'r': 17}, {'cx': 339, 'cy': 559, 'r': 17}]"
444,"['761', {'cx': 344, 'cy': 266, 'r': 37}]"
445,"['764', {'cx': 339, 'cy': 249, 'r': 28}]"
446,"['79', {'cx': 3264, 'cy': 128, 'r': 82}, {'cx': 3134, 'cy': 232, 'r': 92}]"
447,"['790', {'cx': 599, 'cy': 433, 'r': 27}, {'cx': 611, 'cy': 392, 'r': 35}]"
448,"['791', {'cx': 4230, 'cy': 1138, 'r': 190}]"
449,"['819', {'cx': 443, 'cy': 276, 'r': 39}, {'cx': 607, 'cy': 539, 'r': 35}]"
450,"['821', {'cx': 276, 'cy': 280, 'r': 28}]"
451,"['822', {'cx': 257, 'cy': 550, 'r': 35}, {'cx': 1006, 'cy': 374, 'r': 29}, {'cx': 700, 'cy': 556, 'r': 32}]"
452,"['837', {'cx': 2639, 'cy': 254, 'r': 64}]"
453,"['839', {'cx': 122, 'cy': 390, 'r': 24}, {'cx': 817, 'cy': 245, 'r': 20}, {'cx': 100, 'cy': 187, 'r': 28}]"
454,"['841', {'cx': 784, 'cy': 334, 'r': 26}, {'cx': 627, 'cy': 135, 'r': 18}, {'cx': 292, 'cy': 29, 'r': 24}, {'cx': 656, 'cy': 105, 'r': 14}, {'cx': 702, 'cy': 153, 'r': 16}, {'cx': 547, 'cy': 340, 'r': 29}, {'cx': 405, 'cy': 401, 'r': 20}, {'cx': 197, 'cy': 61, 'r': 35}, {'cx': 1004, 'cy': 213, 'r': 31}]"
455,"['849', {'cx': 739, 'cy': 317, 'r': 38}]"
456,"['863', {'cx': 509, 'cy': 390, 'r': 18}]"
457,"['869', {'cx': 188, 'cy': 418, 'r': 26}]"
458,"['871', {'cx': 940, 'cy': 381, 'r': 35}]"
459,"['890', {'cx': 3859, 'cy': 2157, 'r': 86}, {'cx': 4322, 'cy': 3037, 'r': 90}]"
460,"['892', {'cx': 687, 'cy': 160, 'r': 24}, {'cx': 981, 'cy': 437, 'r': 35}]"
461,"['907', {'cx': 515, 'cy': 848, 'r': 91}]"
462,"['917', {'cx': 385, 'cy': 245, 'r': 15}]"
463,"['918', {'cx': 4004, 'cy': 2010, 'r': 99}, {'cx': 2548, 'cy': 1999, 'r': 112}]"
464,"['933', {'cx': 478, 'cy': 174, 'r': 36}]"
465,"['944', {'cx': 156, 'cy': 171, 'r': 35}, {'cx': 737, 'cy': 189, 'r': 44}]"
466,"['950', {'cx': 86, 'cy': 293, 'r': 21}, {'cx': 106, 'cy': 69, 'r': 27}]"
467,"['951', {'cx': 565, 'cy': 550, 'r': 34}, {'cx': 181, 'cy': 332, 'r': 27}, {'cx': 394, 'cy': 468, 'r': 32}]"
468,"['952', {'cx': 783, 'cy': 563, 'r': 26}]"
469,"['96', {'cx': 401, 'cy': 116, 'r': 41}]"
470,"['960', {'cx': 108, 'cy': 440, 'r': 22}, {'cx': 227, 'cy': 350, 'r': 49}, {'cx': 81, 'cy': 433, 'r': 38}]"
471,"['961', {'cx': 353, 'cy': 134, 'r': 20}]"
472,"['990', {'cx': 337, 'cy': 556, 'r': 26}]"
